word,words_total_appear_in_both_group,words_total_appear_in_group_real,percet_strong_word_in_group_real,words_total_appear_in_group_fake,percet_strong_word_in_group_fake
geraldo,25,18,72,7,28.000000000000004
recarregar,25,18,72,5,20
segredar,25,18,72,7,28.000000000000004
subordinar,25,18,72,6,24
tripulacao,25,18,72,7,28.000000000000004
alckmin,25,19,76,6,24
eventualment,25,19,76,6,24
marilia,25,20,80,5,20
mergulhar,25,20,80,5,20
monetario,25,20,80,5,20
projecao,25,20,80,5,20
andrea,25,21,84,4,16
ccj,25,21,84,4,16
conservacao,25,21,84,4,16
efetividad,25,21,84,4,16
panamericana,25,21,84,4,16
vencimento,25,21,84,2,8
exemplo,25,24,96,1,4
sustentabilidad,25,24,96,1,4
cnmp,25,25,100,0,0
treino,25,25,100,0,0
alvaro,26,19,73.07692307692307,7,26.923076923076923
consultoria,26,19,73.07692307692307,7,26.923076923076923
higienizacao,26,19,73.07692307692307,7,26.923076923076923
redondo,26,19,73.07692307692307,7,26.923076923076923
rejeicao,26,19,73.07692307692307,7,26.923076923076923
airlin,26,20,76.92307692307693,6,23.076923076923077
dinamarca,26,20,76.92307692307693,6,23.076923076923077
relaxar,26,20,76.92307692307693,6,23.076923076923077
trafego,26,20,76.92307692307693,6,23.076923076923077
cometido,26,21,80.76923076923077,5,19.230769230769234
examinar,26,21,80.76923076923077,5,19.230769230769234
geografia,26,21,80.76923076923077,5,19.230769230769234
preconceito,26,21,80.76923076923077,5,19.230769230769234
genoma,26,22,84.61538461538461,4,15.384615384615385
diplomata,26,23,88.46153846153845,3,11.538461538461538
reajustar,26,23,88.46153846153845,3,11.538461538461538
suspeicao,26,23,88.46153846153845,3,11.538461538461538
colleg,26,24,92.30769231,2,7.6923076923076925
precandidato,26,24,92.30769231,2,7.6923076923076925
tatto,26,24,92.30769231,2,7.6923076923076925
pfizerbiontech,26,25,96.15384615384616,1,3.8461538461538463
academico,27,19,70.37037037037037,8,29.629629629629626
alergia,27,19,70.37037037037037,8,29.629629629629626
belgica,27,19,70.37037037037037,8,29.629629629629626
defendido,27,19,70.37037037037037,8,29.629629629629626
dondo,27,19,70.37037037037037,7,25.925925925925924
humanitario,27,19,70.37037037037037,8,29.629629629629626
infancia,27,19,70.37037037037037,8,29.629629629629626
precisao,27,19,70.37037037037037,1,3.7037037037037033
sorocaba,27,19,70.37037037037037,7,25.925925925925924
merkel,27,20,74.07407407407408,7,25.925925925925924
particularment,27,20,74.07407407407408,7,25.925925925925924
transicao,27,20,74.07407407407408,7,25.925925925925924
cilindro,27,21,77.77777777777779,6,22.22222222222222
proliferacao,27,21,77.77777777777779,6,22.22222222222222
help,27,22,81.48148148148148,0,0
mprj,27,22,81.48148148148148,5,18.51851851851852
tramitacao,27,22,81.48148148148148,5,18.51851851851852
triagem,27,22,81.48148148148148,5,18.51851851851852
aliquota,27,23,85.18518518518519,4,14.814814814814813
desgastar,27,23,85.18518518518519,4,14.814814814814813
exonerar,27,23,85.18518518518519,4,14.814814814814813
convencao,27,24,88.88888888888889,3,11.11111111111111
expressivo,27,24,88.88888888888889,3,11.11111111111111
fundeb,27,24,88.88888888888889,3,11.11111111111111
hipertensao,27,24,88.88888888888889,3,11.11111111111111
ansiedad,27,25,92.59259259,2,7.4074074074074066
sequenciamento,27,25,92.59259259,2,7.4074074074074066
hubei,27,26,96.29629629629629,1,3.7037037037037033
inconsistencia,27,26,96.29629629629629,1,3.7037037037037033
alunar,28,20,71.42857142857143,8,28.57142857142857
concorrent,28,20,71.42857142857143,1,3.571428571428571
prtb,28,20,71.42857142857143,8,28.57142857142857
publicitario,28,20,71.42857142857143,8,28.57142857142857
bruno,28,21,75,1,3.571428571428571
cj,28,21,75,2,7.142857142857142
domicilio,28,21,75,1,3.571428571428571
zambelli,28,21,75,7,25
descumprimento,28,22,78.57142857142857,6,21.428571428571427
percepcao,28,22,78.57142857142857,6,21.428571428571427
substituicao,28,22,78.57142857142857,6,21.428571428571427
projeco,28,23,82.14285714285714,5,17.857142857142858
quota,28,23,82.14285714285714,1,3.571428571428571
benjamin,28,24,85.71428571428571,4,14.285714285714285
hipertensa,28,24,85.71428571428571,3,10.714285714285714
lorenzoni,28,24,85.71428571428571,4,14.285714285714285
motivacao,28,24,85.71428571428571,4,14.285714285714285
permanencia,28,24,85.71428571428571,4,14.285714285714285
batalhar,28,25,89.28571428571429,3,10.714285714285714
embora,28,25,89.28571428571429,1,3.571428571428571
secretarioexecutivo,28,25,89.28571428571429,0,0
sequenciam,28,25,89.28571428571429,2,7.142857142857142
cnj,28,26,92.85714285714286,2,7.142857142857142
conselho,28,27,96.42857142857143,1,3.571428571428571
gorinchteyn,28,27,96.42857142857143,1,3.571428571428571
proposta,28,27,96.42857142857143,1,3.571428571428571
xinhua,28,28,100,0,0
concessionario,29,22,75.86206896551724,7,24.137931034482758
jantar,29,22,75.86206896551724,7,24.137931034482758
varga,29,22,75.86206896551724,7,24.137931034482758
ventilacao,29,22,75.86206896551724,4,13.793103448275861
atrair,29,23,79.31034483,6,20.689655172413794
humberto,29,23,79.31034483,6,20.689655172413794
independentement,29,23,79.31034483,6,20.689655172413794
divergencia,29,24,82.75862068965517,5,17.24137931034483
lorenzon,29,24,82.75862068965517,4,13.793103448275861
atalhar,29,25,86.20689655172413,3,10.344827586206897
vulnerabilidad,29,25,86.20689655172413,4,13.793103448275861
gorinchtey,29,27,93.10344827586206,1,3.4482758620689653
substituto,29,27,93.10344827586206,2,6.896551724137931
suprimento,29,28,96.55172413793103,1,3.4482758620689653
favorito,30,21,70,9,30
cessionario,30,22,73.33333333333333,7,23.333333333333332
concreto,30,22,73.33333333333333,8,26.666666666666668
consenso,30,22,73.33333333333333,8,26.666666666666668
santiago,30,22,73.33333333333333,8,26.666666666666668
abordagem,30,23,76.66666666666667,7,23.333333333333332
cardiologista,30,23,76.66666666666667,7,23.333333333333332
onerar,30,23,76.66666666666667,1,3.3333333333333335
queixar,30,23,76.66666666666667,7,23.333333333333332
urbano,30,23,76.66666666666667,5,16.666666666666664
lorenz,30,24,80,4,13.333333333333334
psicologo,30,24,80,5,16.666666666666664
renzo,30,24,80,1,3.3333333333333335
wellington,30,24,80,6,20
enquadrar,30,25,83.33333333333334,5,16.666666666666664
broadcast,30,26,86.66666666666667,4,13.333333333333334
consistencia,30,26,86.66666666666667,1,3.3333333333333335
viajant,30,27,90,3,10
empatar,30,28,93.33333333333333,0,0
flavia,30,29,96.66666666666667,1,3.3333333333333335
obesidad,30,29,96.66666666666667,1,3.3333333333333335
algun,30,30,100,0,0
ventilatorio,30,30,100,0,0
desgast,31,23,74.19354838709677,4,12.903225806451612
proferir,31,23,74.19354838709677,8,25.806451612903224
goncalo,31,24,77.41935483870968,7,22.58064516129032
minoria,31,24,77.41935483870968,7,22.58064516129032
reflexo,31,24,77.41935483870968,7,22.58064516129032
saudad,31,24,77.41935483870968,7,22.58064516129032
adesao,31,26,83.87096774193549,5,16.129032258064516
goncalv,31,28,90.32258064516128,3,9.677419355
materiaprima,31,28,90.32258064516128,3,9.677419355
fez,31,29,93.54838709677419,1,3.225806451612903
profissionai,31,29,93.54838709677419,1,3.225806451612903
tornear,31,29,93.54838709677419,2,6.451612903225806
apostar,32,23,71.875,9,28.125
cirurgico,32,23,71.875,9,28.125
comprometido,32,23,71.875,9,28.125
interpretar,32,23,71.875,9,28.125
jurista,32,23,71.875,9,28.125
reajust,32,23,71.875,3,9.375
colaborar,32,24,75,8,25
preparacao,32,25,78.125,7,21.875
rigoroso,32,26,81.25,6,18.75
conjunto,32,27,84.375,5,15.625
desigualdad,32,27,84.375,5,15.625
contencao,32,28,87.5,4,12.5
igualitario,32,31,96.875,1,3.125
secretariager,32,31,96.875,1,3.125
gripezinha,33,24,72.72727272727273,9,27.27272727272727
lesao,33,24,72.72727272727273,9,27.27272727272727
equilibrio,33,25,75.75757575757575,4,12.121212121212121
federativo,33,25,75.75757575757575,8,24.242424242424242
preservacao,33,25,75.75757575757575,8,24.242424242424242
ufrj,33,25,75.75757575757575,8,24.242424242424242
montant,33,26,78.78787878787878,7,21.21212121212121
exprefeito,33,27,81.81818181818183,6,18.181818181818183
organizador,33,27,81.81818181818183,1,3.0303030303030303
bastidor,33,28,84.84848484848484,5,15.151515151515152
instaurar,33,28,84.84848484848484,5,15.151515151515152
normalidad,33,28,84.84848484848484,2,6.0606060606060606
reafirmar,33,29,87.87878787878788,4,12.121212121212121
apoio,33,30,90.90909091,1,3.0303030303030303
michael,34,24,70.58823529411765,10,29.411764705882355
reclamacao,34,24,70.58823529411765,10,29.411764705882355
impulsionar,34,25,73.52941176470588,9,26.47058823529412
privilegiar,34,25,73.52941176470588,9,26.47058823529412
pslrj,34,25,73.52941176470588,9,26.47058823529412
ramagem,34,27,79.41176470588235,7,20.588235294117645
medeiro,34,28,82.35294117647058,6,17.647058823529413
molecular,34,28,82.35294117647058,6,17.647058823529413
deflagrar,34,29,85.29411764705883,5,14.705882352941178
aumento,34,31,91.17647058823529,3,8.823529411764707
descumprir,35,25,71.42857142857143,10,28.57142857142857
enfatizar,35,26,74.28571428571429,9,25.71428571428571
saneamento,35,27,77.14285714285715,8,22.857142857142858
guarulho,35,28,80,7,20
periferia,35,28,80,1,2.857142857142857
andrew,35,29,82.85714285714286,6,17.142857142857142
depressao,35,29,82.85714285714286,6,17.142857142857142
insuficient,35,29,82.85714285714286,6,17.142857142857142
emergenciai,35,31,88.57142857142857,4,11.428571428571429
triplex,35,31,88.57142857142857,4,11.428571428571429
compilar,35,32,91.42857142857143,3,8.571428571428571
secom,35,33,94.28571428571428,2,5.714285714285714
operacionalizacao,35,34,97.14285714285714,1,2.857142857142857
distant,36,26,72.22222222222221,10,27.77777777777778
guaruja,36,28,77.77777777777779,8,22.22222222222222
improbidad,36,28,77.77777777777779,8,22.22222222222222
bruto,36,29,80.55555555555556,7,19.444444444444446
depressa,36,29,80.55555555555556,6,16.666666666666664
letalidad,36,29,80.55555555555556,7,19.444444444444446
reafirm,36,29,80.55555555555556,4,11.11111111111111
surto,36,29,80.55555555555556,3,8.333333333333332
unanimidad,36,29,80.55555555555556,7,19.444444444444446
paralelo,36,30,83.33333333333334,6,16.666666666666664
privatizacao,36,30,83.33333333333334,6,16.666666666666664
rossi,36,30,83.33333333333334,1,2.7777777777777777
aliviar,36,31,86.11111111111111,5,13.88888888888889
temor,36,31,86.11111111111111,4,11.11111111111111
vieira,36,31,86.11111111111111,5,13.88888888888889
dificultar,36,33,91.66666666666666,3,8.333333333333332
orcamentaria,36,33,91.66666666666666,3,8.333333333333332
publicoalvo,36,33,91.66666666666666,3,8.333333333333332
advocaciager,36,34,94.44444444444444,2,5.555555555555555
governista,36,34,94.44444444444444,2,5.555555555555555
habea,36,34,94.44444444444444,2,5.555555555555555
confirmado,36,35,97.22222222222221,1,2.7777777777777777
desigu,37,27,72.97297297297297,5,13.513513513513514
organizado,37,27,72.97297297297297,1,2.7027027027027026
lelo,37,30,81.08108108108108,6,16.216216216216218
sudest,37,31,83.78378378378379,6,16.216216216216218
expansao,37,32,86.48648648648648,5,13.513513513513514
limitacao,37,32,86.48648648648648,4,10.81081081081081
interrupcao,37,33,89.18918919,4,10.81081081081081
interlocutor,37,34,91.89189189,3,8.108108108108109
relaxamento,37,37,100,0,0
machadar,38,28,73.68421052631578,10,26.31578947368421
rastreamento,38,30,78.94736842105263,8,21.052631578947366
armazenamento,38,31,81.57894736842105,7,18.421052631578945
chefiar,38,31,81.57894736842105,7,18.421052631578945
dificulta,38,33,86.84210526,3,7.894736842105263
quatro,38,33,86.84210526,5,13.157894736842104
incerteza,38,35,92.10526315789474,3,7.894736842105263
onyx,38,35,92.10526315789474,3,7.894736842105263
modelo,39,29,74.35897435897436,8,20.51282051282051
prescricao,39,30,76.92307692307693,8,20.51282051282051
precaucao,39,31,79.48717948717949,8,20.51282051282051
imitacao,39,32,82.05128205128204,4,10.256410256410255
excecao,39,33,84.61538461538461,6,15.384615384615385
publicoa,39,33,84.61538461538461,3,7.6923076923076925
revogar,40,28,70,12,30
aspecto,40,30,75,10,25
cronica,40,30,75,10,25
proprio,40,30,75,1,2.5
hospitalizacao,40,33,82.5,7,17.5
sugestao,40,34,85,6,15
patamar,40,35,87.5,5,12.5
informaco,40,36,90,1,2.5
interino,40,36,90,4,10
jornada,40,36,90,4,10
perspectivo,40,36,90,4,10
corpu,40,37,92.5,3,7.5
visitant,40,37,92.5,3,7.5
serao,40,38,95,1,2.5
tramitar,40,38,95,2,5
gabbardo,40,40,100,0,0
observacao,41,30,73.17073170731707,11,26.82926829268293
pereira,41,30,73.17073170731707,10,24.390243902439025
contagioso,41,32,78.04878048780488,9,21.951219512195124
temporariament,41,32,78.04878048780488,9,21.951219512195124
ibg,41,34,82.92682926829268,7,17.073170731707318
sociai,41,35,85.36585365853658,1,2.4390243902439024
comunitario,41,36,87.80487805,5,12.195121951219512
inovacao,41,36,87.80487805,5,12.195121951219512
mdbal,41,38,92.68292683,1,2.4390243902439024
salao,42,30,71.42857142857143,7,16.666666666666664
individuar,42,31,73.80952380952381,11,26.190476190476193
certeza,42,35,83.33333333333334,3,7.142857142857142
caxia,42,36,85.71428571428571,6,14.285714285714285
proximo,42,37,88.09523809523809,1,2.380952380952381
ultimo,42,37,88.09523809523809,3,7.142857142857142
resultado,42,40,95.23809523809523,1,2.380952380952381
almeida,43,31,72.09302325581395,12,27.906976744186046
universitario,43,31,72.09302325581395,12,27.906976744186046
contemplar,43,32,74.41860465,11,25.581395348837212
reconhecimento,43,32,74.41860465,11,25.581395348837212
sabatino,43,33,76.74418604651163,10,23.25581395348837
submetido,43,37,86.04651162790698,6,13.953488372093023
indicador,43,39,90.69767441860465,4,9.302325581
recuar,43,41,95.34883720930233,2,4.651162790697675
turistico,44,32,72.72727272727273,12,27.27272727272727
oferecido,44,36,81.81818181818183,8,18.181818181818183
interferencia,44,37,84.09090909,7,15.909090909090908
mandatario,44,37,84.09090909,7,15.909090909090908
precedent,44,37,84.09090909,7,15.909090909090908
intubacao,44,38,86.36363636363636,6,13.636363636363635
flexibilizar,44,43,97.72727272727273,1,2.272727272727273
fabricacao,45,32,71.11111111111111,13,28.888888888888886
diretoria,45,33,73.33333333333333,12,26.666666666666668
expressar,45,33,73.33333333333333,12,26.666666666666668
tesourar,45,33,73.33333333333333,12,26.666666666666668
claudio,45,34,75.55555555555556,11,24.444444444444443
resistencia,45,34,75.55555555555556,11,24.444444444444443
fundamentar,45,35,77.77777777777779,10,22.22222222222222
juro,45,36,80,9,20
gestant,45,41,91.11111111111111,4,8.888888889
tucano,45,42,93.33333333333333,3,6.666666666666667
deltan,46,34,73.91304347826086,1,2.1739130434782608
roraima,46,34,73.91304347826086,1,2.1739130434782608
definitivo,46,36,78.26086956521739,10,21.73913043478261
sobretudo,46,36,78.26086956521739,10,21.73913043478261
desvio,46,38,82.60869565,8,17.391304347826086
sido,46,38,82.60869565,1,2.1739130434782608
atendido,46,40,86.95652173913044,1,2.1739130434782608
duqu,46,42,91.30434782608695,4,8.695652173913043
demap,46,44,95.65217391304348,2,4.3478260869565215
colombio,47,33,70.21276596,14,29.78723404255319
posicionamento,47,33,70.21276596,14,29.78723404255319
cooperacao,47,37,78.72340425531915,1,2.127659574468085
exjuiz,47,37,78.72340425531915,10,21.27659574468085
correspondent,47,40,85.10638298,7,14.893617021276595
itamarati,47,40,85.10638298,7,14.893617021276595
porqu,47,41,87.23404255,1,2.127659574468085
anteontem,47,46,97.87234042553192,1,2.127659574468085
demmg,47,47,100,0,0
habito,48,34,70.83333333333334,14,29.166666666666668
exportacao,48,37,77.08333333333334,11,22.916666666666664
journal,48,37,77.08333333333334,11,22.916666666666664
enfermagem,48,39,81.25,9,18.75
abba,48,40,83.33333333333334,4,8.333333333333332
contribuicao,48,41,85.41666666666666,7,14.583333333333334
deslocamento,48,46,95.83333333333334,2,4.166666666666666
arrecadar,49,35,71.42857142857143,14,28.57142857142857
plantao,49,35,71.42857142857143,14,28.57142857142857
preced,49,37,75.51020408163265,1,2.0408163265306123
emprestimo,49,38,77.55102040816327,11,22.448979591836736
indicado,49,39,79.59183673469387,4,8.163265306
inedito,49,39,79.59183673469387,10,20.408163265306122
inclusao,49,41,83.67346939,8,16.32653061
comorbidad,49,42,85.71428571428571,7,14.285714285714285
extensao,49,43,87.75510204081633,6,12.244897959183673
kassio,49,49,100,0,0
delacao,50,36,72,14,28.000000000000004
movimentacao,50,37,74,13,26
colegio,50,38,76,12,24
adhanom,50,39,78,11,22
coreia,50,39,78,11,22
diminuicao,50,39,78,11,22
florido,50,39,78,11,22
implementacao,50,39,78,11,22
remessar,50,41,82,6,12
alerj,50,42,84,8,16
fornecimento,50,45,90,5,10
rachadinha,50,48,96,1,2
marinhar,51,36,70.58823529411765,15,29.411764705882355
sentenca,51,36,70.58823529411765,15,29.411764705882355
toquio,51,36,70.58823529411765,15,29.411764705882355
extraordinario,51,40,78.43137254901961,11,21.568627450980394
ampliacao,51,43,84.31372549019608,8,15.686274509803921
adiamento,51,49,96.07843137254902,2,3.9215686274509802
conflito,52,37,71.15384615384616,15,28.846153846153843
proporcao,52,37,71.15384615384616,15,28.846153846153843
exigencia,52,38,73.07692307692307,14,26.923076923076923
ideologico,52,38,73.07692307692307,14,26.923076923076923
revisar,52,38,73.07692307692307,14,26.923076923076923
itamar,52,40,76.92307692307693,7,13.461538461538462
posturar,52,42,80.76923076923077,9,17.307692307692307
enxergar,52,43,82.69230769,9,17.307692307692307
arrecadacao,52,44,84.61538461538461,8,15.384615384615385
pedido,52,44,84.61538461538461,1,1.9230769230769231
azevedo,52,46,88.46153846153845,6,11.538461538461538
confederacao,52,46,88.46153846153845,6,11.538461538461538
demm,52,47,90.38461538461539,0,0
nogueira,52,48,92.30769231,4,7.6923076923076925
desafio,52,50,96.15384615384616,2,3.8461538461538463
intenso,53,38,71.69811320754717,15,28.30188679245283
punicao,53,38,71.69811320754717,15,28.30188679245283
dengu,53,40,75.47169811320755,13,24.528301886792452
presidir,53,41,77.35849056603774,12,22.641509433962266
remessa,53,41,77.35849056603774,6,11.320754716981133
enxerga,53,43,81.13207547169812,9,16.98113208
extensa,53,43,81.13207547169812,6,11.320754716981133
tributario,53,53,100,0,0
randolf,54,39,72.22222222222221,15,27.77777777777778
pslsp,54,41,75.92592592592592,13,24.074074074074073
volumar,54,41,75.92592592592592,12,22.22222222222222
deteccao,54,43,79.62962962962963,11,20.37037037037037
enxerg,54,43,79.62962962962963,9,16.666666666666664
relacao,54,47,87.03703703703704,2,3.7037037037037033
semestr,54,47,87.03703703703704,7,12.962962962962962
extraordinari,55,40,72.72727272727273,11,20
colaboracao,55,41,74.54545454545455,1,1.8181818181818181
regulamentar,55,41,74.54545454545455,14,25.454545454545453
sancao,55,44,80,11,20
reportar,55,45,81.81818181818183,10,18.181818181818183
relativo,55,46,83.63636363636363,9,16.363636363636363
none,55,49,89.09090909,5,9.090909090909092
constatar,56,40,71.42857142857143,16,28.57142857142857
decorrent,56,40,71.42857142857143,16,28.57142857142857
conduta,56,42,75,14,25
desembarcar,56,43,76.78571428571429,13,23.214285714285715
nomeacao,56,44,78.57142857142857,12,21.428571428571427
fabricio,56,47,83.92857142857143,9,16.071428571428573
exgovernador,56,48,85.71428571428571,1,1.7857142857142856
escassez,56,50,89.28571428571429,6,10.714285714285714
sendo,56,55,98.21428571428571,1,1.7857142857142856
lancamento,57,42,73.68421052631578,15,26.31578947368421
fluxo,57,43,75.43859649122807,13,22.807017543859647
heleno,57,44,77.19298245614034,11,19.298245614035086
testagem,57,46,80.70175439,11,19.298245614035086
agravamento,57,49,85.96491228070175,8,14.035087719298245
agravar,58,42,72.41379310344827,16,27.586206896551722
anteriorment,58,48,82.75862068965517,10,17.24137931034483
atuam,58,50,86.20689655172413,8,13.793103448275861
cepa,59,43,72.88135593220339,15,25.423728813559322
renata,59,43,72.88135593220339,15,25.423728813559322
treinar,59,45,76.27118644067797,14,23.728813559322035
mendonca,59,49,83.05084745762711,10,16.94915254237288
paralisar,59,51,86.44067797,8,13.559322033898304
quadro,60,43,71.66666666666667,1,1.6666666666666667
helen,60,44,73.33333333333333,11,18.333333333333332
previo,60,47,78.33333333333333,13,21.666666666666668
externo,60,50,83.33333333333334,10,16.666666666666664
ppal,60,60,100,0,0
campino,61,46,75.40983606557377,15,24.59016393442623
souza,61,47,77.04918032786885,14,22.950819672131146
sindicato,61,50,81.96721311,11,18.03278689
bandeirant,61,53,86.88524590163934,8,13.114754098360656
alvorar,61,55,90.16393443,6,9.836065573770492
kong,61,55,90.16393443,6,9.836065573770492
epicentro,61,57,93.44262295081968,4,6.557377049180328
vespera,62,45,72.58064516129032,16,25.806451612903224
californio,62,47,75.80645161290323,15,24.193548387096776
tedro,62,50,80.64516129032258,12,19.35483870967742
consecutivo,62,55,88.70967741935483,7,11.29032258064516
intervalar,62,58,93.54838709677419,4,6.451612903225806
colegiado,62,62,100,0,0
dedicar,63,45,71.42857142857143,18,28.57142857142857
preservar,63,46,73.01587301587301,17,26.984126984126984
painel,63,47,74.60317460317461,16,25.396825396825395
cerimonia,63,50,79.36507936507937,1,1.5873015873015872
calamidad,63,52,82.53968253968253,11,17.46031746031746
republicanosrj,63,61,96.82539682539682,2,3.1746031746031744
justificativo,64,49,76.5625,15,23.4375
articulacao,64,50,78.125,1,1.5625
alami,64,52,81.25,11,17.1875
quilometro,64,53,82.8125,11,17.1875
ausencia,64,56,87.5,8,12.5
significativo,65,51,78.46153846153847,14,21.53846153846154
ernesto,65,52,80,13,20
sarampo,65,63,96.92307692307692,2,3.076923076923077
videoconferencia,65,63,96.92307692307692,2,3.076923076923077
condenacao,66,48,72.72727272727273,18,27.27272727272727
infeccioso,66,51,77.27272727272727,15,22.727272727272727
cupula,66,52,78.78787878787878,14,21.21212121212121
consolidar,66,54,81.81818181818183,12,18.181818181818183
respectivament,66,59,89.39393939393939,7,10.606060606060606
anosr,66,61,92.42424242424242,2,3.0303030303030303
tcu,68,48,70.58823529411765,18,26.47058823529412
cerimoni,68,50,73.52941176470588,1,1.4705882352941175
adicionar,68,51,75,17,25
absoluto,68,52,76.47058823529412,16,23.52941176470588
estimativo,68,53,77.94117647058823,15,22.058823529411764
hospitalizar,68,55,80.88235294117648,13,19.11764705882353
silveiro,68,56,82.35294117647058,12,17.647058823529413
ventilador,68,56,82.35294117647058,12,17.647058823529413
preliminar,68,57,83.82352941176471,11,16.176470588235293
totalizar,68,58,85.29411764705883,10,14.705882352941178
academiar,68,60,88.23529411764706,8,11.76470588235294
bandeira,69,53,76.81159420289855,2,2.898550724637681
implementar,69,53,76.81159420289855,16,23.18840579710145
capitar,69,58,84.05797101449275,2,2.898550724637681
vulneravel,69,60,86.95652173913044,8,11.594202898550725
estabilidad,69,63,91.30434782608695,6,8.695652173913043
bancada,70,51,72.85714285714285,14,20
equivalent,70,55,78.57142857142857,15,21.428571428571427
importacao,70,56,80,14,20
temporada,70,56,80,14,20
adversario,70,57,81.42857142857143,13,18.571428571428573
apitar,70,58,82.85714285714286,2,2.857142857142857
desempenhar,70,59,84.28571428571429,11,15.714285714285714
feriar,70,62,88.57142857142857,8,11.428571428571429
primario,70,64,91.42857142857143,6,8.571428571428571
wajngarten,70,70,100,0,0
lavagem,71,51,71.83098591549296,19,26.76056338028169
irregularidad,71,55,77.46478873239437,16,22.535211267605636
logistico,71,55,77.46478873239437,16,22.535211267605636
coletivo,71,56,78.87323943661971,15,21.12676056338028
forcatarefa,71,62,87.32394366197182,9,12.676056338028168
alternativo,71,63,88.73239436619718,8,11.267605633802818
carla,71,63,88.73239436619718,1,1.4084507042253522
impacto,71,65,91.54929577464789,6,8.450704225352112
bbc,72,52,72.22222222222221,20,27.77777777777778
pib,72,55,76.38888888888889,15,20.833333333333336
curvo,72,57,79.16666666666666,1,1.3888888888888888
obtido,72,60,83.33333333333334,12,16.666666666666664
entendimento,72,63,87.5,4,5.555555555555555
prorrogacao,72,67,93.05555555555556,5,6.944444444444445
requerimento,72,70,97.22222222222221,2,2.7777777777777777
treinamento,73,52,71.23287671232876,21,28.767123287671232
afastamento,73,56,76.71232876712328,17,23.28767123287671
mantido,73,56,76.71232876712328,17,23.28767123287671
coordenar,73,57,78.08219178082192,16,21.91780821917808
assintomatico,73,58,79.45205479452055,15,20.54794520547945
afastament,74,56,75.67567567567568,17,22.972972972972975
velocidad,74,57,77.02702702702703,17,22.972972972972975
margem,74,60,81.08108108108108,14,18.91891891891892
afastam,75,56,74.66666666666667,17,22.666666666666664
estimular,75,56,74.66666666666667,1,1.3333333333333335
parceiro,75,56,74.66666666666667,19,25.333333333333336
fux,75,58,77.33333333333333,3,4
academia,75,60,80,8,10.666666666666668
ppa,75,60,80,1,1.3333333333333335
rejeitar,75,60,80,15,20
turista,75,61,81.33333333333333,10,13.333333333333334
autonomia,75,68,90.66666666666666,7,9.333333333333334
suportar,76,57,75,19,25
calendario,76,65,85.52631578947368,11,14.473684210526317
estrategico,76,68,89.47368421052632,8,10.526315789473683
concedido,77,54,70.12987012987013,23,29.87012987012987
celebrar,77,56,72.72727272727273,21,27.27272727272727
calheiro,77,62,80.51948051948052,15,19.480519480519483
desmatamento,77,67,87.01298701298701,10,12.987012987012985
oficio,77,74,96.1038961,3,3.896103896103896
martim,78,57,73.07692307692307,21,26.923076923076923
estagio,78,58,74.35897435897436,20,25.64102564102564
resolucao,78,58,74.35897435897436,20,25.64102564102564
apreensao,78,59,75.64102564102564,19,24.358974358974358
especializar,78,64,82.05128205128204,14,17.94871794871795
desmatam,78,67,85.8974359,10,12.82051282051282
ritmar,78,70,89.74358974358975,8,10.256410256410255
flexibilizacao,78,75,96.15384615384616,3,3.8461538461538463
globonew,79,57,72.15189873417721,22,27.848101265822784
dialogo,79,58,73.41772151898735,21,26.582278481012654
jn,79,70,88.60759493670885,6,7.594936709
entregu,80,56,70,1,1.25
totaliza,80,58,72.5,10,12.5
espirito,80,61,76.25,18,22.5
minimizar,80,63,78.75,17,21.25
cale,80,65,81.25,1,1.25
sputnik,80,72,90,8,10
instalacao,81,65,80.24691358024691,16,19.753086419753085
sall,81,65,80.24691358024691,16,19.753086419753085
esforco,81,70,86.41975308641975,1,1.2345679012345678
demrj,81,75,92.59259259,6,7.4074074074074066
ribeiro,82,58,70.73170731707317,24,29.268292682926827
ambito,82,66,80.48780487804879,16,19.51219512195122
calculo,82,72,87.80487805,10,12.195121951219512
colunista,82,75,91.46341463414635,7,8.536585365853659
infraestrutura,83,61,73.49397590361446,22,26.506024096385545
desafiar,83,63,75.90361445783132,20,24.096385542168676
monitoramento,83,63,75.90361445783132,20,24.096385542168676
facilitar,83,68,81.92771084337349,15,18.072289156626507
restritivo,83,69,83.13253012048193,14,16.867469879518072
notificar,83,75,90.36144578313254,8,9.638554217
rocha,84,60,71.42857142857143,24,28.57142857142857
inglaterra,84,68,80.95238095238095,16,19.047619047619047
provincia,84,72,85.71428571428571,12,14.285714285714285
afiar,85,63,74.11764705882354,20,23.52941176470588
provinci,85,72,84.70588235294117,12,14.117647058823529
oswaldo,85,78,91.76470588235294,7,8.235294117647058
presenciar,85,78,91.76470588235294,7,8.235294117647058
preventivo,86,62,72.09302325581395,24,27.906976744186046
recebido,86,63,73.25581395348837,1,1.1627906976744187
elaborar,86,68,79.06976744186046,18,20.930232558139537
esperancar,86,69,80.23255813953489,17,19.767441860465116
lewandowski,86,70,81.39534884,16,18.60465116
magistrado,86,74,86.04651162790698,11,12.790697674418606
reabrir,86,75,87.20930232558139,11,12.790697674418606
prioritario,86,79,91.86046511627907,7,8.139534884
altern,87,63,72.41379310344827,8,9.195402298850574
fluminens,87,66,75.86206896551724,21,24.137931034482758
edson,87,70,80.45977011494253,17,19.54022988505747
queiroga,87,86,98.85057471264368,1,1.1494252873563218
acumular,88,62,70.45454545454545,26,29.545454545454547
aurelio,88,63,71.59090909,25,28.40909090909091
monitoram,88,63,71.59090909,20,22.727272727272727
normalment,88,63,71.59090909,25,28.40909090909091
comportamento,88,73,82.95454545454545,1,1.1363636363636365
acompanhamento,88,76,86.36363636363636,12,13.636363636363635
oficialment,89,67,75.28089887640449,20,22.47191011235955
moderno,89,68,76.40449438202246,21,23.595505617977526
transferencia,89,69,77.52808988764045,20,22.47191011235955
despesa,89,72,80.89887640449437,17,19.101123595505616
jorg,89,73,82.02247191011236,15,16.853932584269664
negativar,89,74,83.14606741573034,15,16.853932584269664
acompanham,89,76,85.39325842696628,12,13.48314606741573
epidemiologico,89,77,86.51685393258427,12,13.48314606741573
portavoz,89,78,87.64044943820225,11,12.359550561797752
complicacao,90,72,80,18,20
competicao,90,82,91.11111111111111,8,8.888888889
escalar,91,64,70.32967032967034,27,29.67032967032967
amplo,91,74,81.31868131868131,17,18.681318681318682
trimestr,91,88,96.7032967,3,3.296703296703297
esperanca,93,69,74.19354838709677,17,18.27956989247312
determinacao,93,75,80.64516129032258,1,1.0752688172043012
prorrogar,93,83,89.24731182795699,10,10.75268817204301
carat,94,68,72.34042553,1,1.0638297872340425
sigla,94,70,74.46808510638297,24,25.53191489361702
spaulo,94,70,74.46808510638297,1,1.0638297872340425
mexico,94,74,78.72340425531915,20,21.27659574468085
nelson,94,74,78.72340425531915,1,1.0638297872340425
elson,95,74,77.89473684210526,1,1.0526315789473684
bolsonarista,96,71,73.95833333333334,25,26.041666666666668
voo,97,77,79.38144329896907,1,1.0309278350515463
manutencao,98,74,75.51020408163265,24,24.489795918367346
wilson,98,74,75.51020408163265,24,24.489795918367346
antecipar,98,80,81.63265306122449,17,17.346938775510203
comportament,99,73,73.73737373737373,1,1.0101010101010102
piorar,100,77,77,23,23
inicialment,100,81,81,1,1
pulmonar,100,87,87,13,13
negativa,101,74,73.26732673267327,15,14.85148514851485
piora,101,77,76.23762376237624,23,22.772277227722775
diariament,102,75,73.52941176470588,27,26.47058823529412
primeiroministro,102,80,78.43137254901961,16,15.686274509803921
metropolitano,103,76,73.78640777,27,26.21359223300971
pulmo,103,87,84.46601941747572,13,12.62135922330097
augusto,103,89,86.40776699029125,1,0.9708737864077669
alteracao,104,75,72.11538461538461,29,27.884615384615387
vetar,104,75,72.11538461538461,25,24.03846153846154
atrasar,104,78,75,26,25
consumidor,104,90,86.53846153846155,14,13.461538461538462
variacao,105,89,84.76190476190476,16,15.238095238095239
mutacao,105,90,85.71428571428571,15,14.285714285714285
contabilizar,105,92,87.61904761904762,13,12.380952380952381
august,106,89,83.96226415,1,0.9433962264150944
varar,106,93,87.73584905660378,13,12.264150943396226
opcao,107,76,71.02803738317756,1,0.9345794392523363
atrasa,107,78,72.89719626168224,26,24.299065420560748
rotina,107,89,83.17757009345794,18,16.822429906542055
alcolumbr,107,91,85.04672897196261,16,14.953271028037381
teich,107,91,85.04672897196261,16,14.953271028037381
celso,108,76,70.37037037037037,1,0.9259259259259258
transferir,108,76,70.37037037037037,32,29.629629629629626
prioridad,108,106,98.14814814814815,2,1.8518518518518516
umido,111,90,81.08108108108108,6,5.405405405405405
barroso,112,79,70.53571428571429,1,0.8928571428571428
exercicio,113,84,74.33628318584071,29,25.663716814159294
temporario,113,98,86.72566371681415,15,13.274336283185843
contabiliza,115,92,80,13,11.304347826086957
fachin,115,94,81.73913043478261,1,0.8695652173913043
queiroz,116,85,73.27586206896551,30,25.862068965517242
especialment,116,87,75,29,25
oliveira,116,90,77.58620689655173,26,22.413793103448278
contabiliz,116,92,79.31034483,13,11.206896551724139
estatistico,117,83,70.94017094017094,34,29.059829059829063
respirador,117,83,70.94017094017094,34,29.059829059829063
turma,117,83,70.94017094017094,1,0.8547008547008548
parcelar,117,94,80.34188034188034,23,19.65811965811966
compromisso,117,101,86.32478632478633,16,13.675213675213676
compromis,118,101,85.59322033898306,16,13.559322033898304
emendar,119,101,84.87394957983193,18,15.126050420168067
adulto,120,97,80.83333333333333,23,19.166666666666668
arthur,120,106,88.33333333333333,1,0.8333333333333334
pacheco,120,111,92.5,9,7.5
recuperacao,120,111,92.5,9,7.5
conjuntar,123,91,73.98373983739837,32,26.01626016260163
emenda,123,101,82.11382113821138,18,14.634146341463413
medida,123,121,98.37398374,1,0.8130081300813009
mello,124,104,83.87096774193549,20,16.129032258064516
consequencia,126,91,72.22222222222221,35,27.77777777777778
afetado,126,107,84.92063492063492,19,15.079365079365079
contabil,127,92,72.44094488188976,13,10.236220472440944
assistencia,127,105,82.67716535433071,1,0.7874015748031495
checo,127,111,87.4015748,3,2.3622047244094486
expectativa,127,112,88.18897637795276,15,11.811023622047244
administrativo,129,101,78.29457364341084,1,0.7751937984496124
demandar,129,114,88.37209302325581,15,11.627906976744185
conjunta,130,91,70,32,24.615384615384617
parcela,132,94,71.21212121212122,23,17.424242424242426
contrato,133,109,81.95488721804512,24,18.045112781954884
discussao,134,108,80.59701492537313,26,19.402985074626866
provisorio,134,113,84.32835820895522,21,15.671641791044777
funcionamento,134,114,85.07462686567165,20,14.925373134328357
anticorpo,135,100,74.07407407407408,35,25.925925925925924
assistenci,136,105,77.20588235294117,1,0.7352941176470588
adotada,137,108,78.83211678832117,29,21.16788321167883
importancia,137,116,84.67153284671532,21,15.328467153284672
acordo,137,125,91.24087591240875,1,0.7299270072992701
federar,138,111,80.43478260869566,27,19.565217391304348
habitant,138,113,81.88405797101449,1,0.7246376811594203
superar,140,117,83.57142857142857,23,16.428571428571427
liderar,141,108,76.59574468085107,33,23.404255319148938
demanda,141,114,80.85106382978722,15,10.638297872340425
demand,142,114,80.28169014084507,15,10.56338028169014
antonio,143,101,70.62937062937063,1,0.6993006993006993
isolar,143,109,76.22377622377621,31,21.678321678321677
reabertura,143,123,86.01398601398601,20,13.986013986013987
fronteiro,145,108,74.48275862068967,37,25.517241379310345
client,147,105,71.42857142857143,1,0.6802721088435374
etapa,147,113,76.87074829931973,34,23.12925170068027
decorrencia,147,114,77.55102040816327,33,22.448979591836736
plano,148,118,79.72972972972973,28,18.91891891891892
comparacao,149,112,75.16778523489933,37,24.832214765100673
lira,150,142,94.66666666666667,5,3.3333333333333335
araujo,151,116,76.82119205298014,35,23.178807947019866
proviso,152,113,74.34210526,21,13.815789473684212
internacao,152,127,83.55263157894737,25,16.447368421052634
milho,152,133,87.5,3,1.9736842105263157
especifico,153,116,75.81699346405229,3,1.9607843137254901
diagnosticar,153,136,88.88888888888889,17,11.11111111111111
balancar,155,138,89.03225806451613,17,10.967741935483872
argumentar,157,131,83.43949044585987,26,16.560509554140125
funcao,158,121,76.58227848101265,34,21.518987341772153
aplicacao,158,123,77.84810126582279,35,22.151898734177212
intensivo,158,145,91.77215189873418,13,8.227848101265822
witzel,162,125,77.16049383,37,22.839506172839506
diagnostica,163,136,83.43558282208589,17,10.429447852760736
risco,164,132,80.48780487804879,1,0.6097560975609756
tambem,164,147,89.63414634146342,1,0.6097560975609756
atuacao,165,144,87.27272727272727,21,12.727272727272727
circulacao,166,127,76.50602409638554,1,0.6024096385542169
suspensao,166,130,78.31325301,35,21.084337349397593
suspenso,166,140,84.33734939759037,26,15.66265060240964
espanha,167,123,73.65269461077844,44,26.34730538922156
previsto,168,130,77.38095238095238,1,0.5952380952380952
suspensa,173,130,75.14450867052022,35,20.23121387283237
legislativo,173,146,84.39306358381504,27,15.606936416184972
preocupacao,173,151,87.28323699421965,22,12.716763005780345
observar,175,123,70.28571428571428,52,29.714285714285715
desenvolvido,175,127,72.57142857142857,48,27.42857142857143
subir,175,133,76,42,24
boletim,175,146,83.42857142857143,29,16.57142857142857
propagacao,176,127,72.15909091,49,27.84090909090909
penso,176,140,79.54545454545455,26,14.772727272727273
esquema,177,127,71.75141242937853,1,0.5649717514124294
realizacao,177,132,74.57627118644068,45,25.423728813559322
dificuldad,178,140,78.65168539325843,38,21.34831460674157
recordar,179,135,75.41899441340783,44,24.581005586592177
anuncio,179,136,75.97765363128491,43,24.022346368715084
sessao,180,143,79.44444444444444,30,16.666666666666664
tendencia,180,151,83.88888888888889,9,5
plenario,180,158,87.77777777777777,21,11.666666666666666
crescimento,180,159,88.33333333333333,21,11.666666666666666
julgamento,182,147,80.76923076923077,35,19.230769230769234
servidor,183,142,77.59562841530054,1,0.546448087
surtir,184,130,70.65217391304348,54,29.347826086956523
disseminacao,184,145,78.80434782608695,39,21.195652173913043
servido,185,142,76.75675675675676,1,0.5405405405405406
disseminac,185,145,78.37837837837837,39,21.08108108108108
processo,187,146,78.07486631016043,1,0.534759358
presenca,190,151,79.47368421052632,38,20
estrategia,191,156,81.67539267015707,34,17.801047120418847
reuter,191,181,94.76439790575915,9,4.712041884816754
henriqu,192,152,79.16666666666666,40,20.833333333333336
autorizacao,193,159,82.38341968911918,34,17.616580310880828
gabinet,194,150,77.31958762886599,44,22.68041237113402
plena,194,158,81.44329896907216,21,10.824742268041238
viagem,196,145,73.97959184,51,26.02040816326531
depoimento,197,144,73.09644670050761,53,26.903553299492383
passageiro,197,147,74.61928934010153,47,23.85786802030457
constituicao,199,143,71.85929648241206,56,28.14070351758794
respiratorio,201,144,71.64179104477611,56,27.860696517412936
integrant,202,147,72.77227722772277,52,25.742574257425744
fundacao,202,154,76.23762376237624,1,0.49504950495049505
gabi,204,150,73.52941176470588,44,21.568627450980394
consorcio,204,201,98.52941176470588,3,1.4705882352941175
aglomeracao,205,156,76.09756097560975,49,23.902439024390244
henri,207,152,73.42995169082126,40,19.32367149758454
cenario,208,178,85.57692307692307,1,0.4807692307692308
apurar,209,154,73.68421052631578,55,26.31578947368421
converso,215,154,71.62790697674419,61,28.37209302325581
previsao,216,161,74.53703703703704,1,0.4629629629629629
orientacao,216,172,79.62962962962963,44,20.37037037037037
inquerito,216,178,82.40740741,38,17.59259259259259
pratico,217,158,72.81105990783409,59,27.188940092165897
ricardo,218,164,75.22935779816514,51,23.394495412844037
ricard,219,164,74.88584474885845,51,23.28767123287671
associacao,219,170,77.62557078,2,0.913242009
conformar,220,166,75.45454545454545,54,24.545454545454547
aprovacao,222,162,72.97297297297297,1,0.45045045045045046
afp,223,160,71.74887892376681,63,28.251121076233183
companhia,224,164,73.21428571428571,60,26.785714285714285
impactar,224,186,83.03571428571429,38,16.964285714285715
flavio,227,180,79.29515418502203,1,0.4405286343612335
iniciativo,229,185,80.78602620087337,44,19.213973799126638
enfrentamento,231,208,90.04329004329004,23,9.956709956709958
reducao,235,169,71.91489361702128,66,28.085106382978726
planalto,244,211,86.47540983606558,1,0.4098360655737705
necessidad,247,204,82.59109312,42,17.00404858299595
europeu,255,210,82.35294117647058,45,17.647058823529413
gued,260,198,76.15384615384615,1,0.38461538461538464
equipamento,265,191,72.0754717,74,27.92452830188679
integro,267,256,95.88014981273409,11,4.119850187265917
condicao,272,216,79.41176470588235,56,20.588235294117645
distrito,272,240,88.23529411764706,32,11.76470588235294
reforcar,273,222,81.31868131868131,51,18.681318681318682
destinar,274,209,76.27737226277372,65,23.722627737226276
distrit,275,240,87.27272727272727,32,11.636363636363637
suspeito,277,213,76.89530685920577,63,22.743682310469314
epidemiar,281,213,75.80071174377224,68,24.199288256227756
destacar,283,225,79.50530035335689,58,20.49469964664311
privar,286,209,73.07692307692307,77,26.923076923076923
exministro,286,214,74.82517482517483,1,0.34965034965034963
levantamento,289,255,88.23529411764706,34,11.76470588235294
reforca,290,222,76.55172413793103,51,17.586206896551722
parceria,292,212,72.60273973,80,27.397260273972602
destaca,292,225,77.05479452054794,1,0.3424657534246575
pagamento,293,206,70.30716723549489,86,29.351535836177472
avancar,295,218,73.89830508474576,68,23.050847457627118
ambientar,296,218,73.64864864864865,78,26.351351351351347
folhar,300,231,77,69,23
avanca,302,218,72.18543046357617,68,22.516556291390728
regrar,302,222,73.50993377483444,80,26.490066225165563
destac,302,225,74.50331125827815,1,0.33112582781456956
epidemia,303,213,70.29702970297029,68,22.442244224422442
dosar,307,241,78.50162866449512,66,21.49837133550489
possibilidad,310,236,76.12903225806451,67,21.612903225806452
positivar,311,223,71.70418006430869,88,28.29581993569132
vigilancia,311,267,85.85209003215434,1,0.3215434083601286
desenvolvimento,315,247,78.41269841269842,68,21.58730158730159
prazo,321,257,80.06230529595015,64,19.937694704049843
quedo,325,252,77.53846153846153,50,15.384615384615385
palacio,330,263,79.6969697,67,20.303030303030305
mudanca,333,250,75.07507507507508,82,24.624624624624623
imunizacao,343,291,84.83965015,1,0.2915451895043732
taxar,347,269,77.52161383285303,78,22.478386167146976
palac,348,263,75.57471264367817,67,19.25287356321839
respostar,353,263,74.50424929,90,25.495750708215297
transmissao,360,276,76.66666666666667,84,23.333333333333332
proposto,362,292,80.66298342541437,70,19.337016574585636
oposto,373,292,78.28418230563003,70,18.766756032171582
sabado,373,296,79.35656836461126,76,20.37533512064343
pastar,377,339,89.92042440318302,38,10.079575596816976
anvisa,380,299,78.68421053,1,0.2631578947368421
prever,382,305,79.84293193717278,77,20.157068062827225
investigacao,391,298,76.21483375959079,93,23.785166240409207
planar,406,313,77.09359606,92,22.660098522167488
internar,408,299,73.28431373,109,26.715686274509803
quarentenar,416,318,76.44230769,98,23.557692307692307
fase,433,350,80.83140877598153,1,0.23094688221709006
comissao,442,362,81.90045248868778,80,18.099547511312217
necessario,445,322,72.35955056179775,1,0.22471910112359553
congresso,456,354,77.63157894736842,1,0.21929824561403508
reuniao,467,364,77.94432548179871,2,0.4282655246252677
reunia,468,364,77.77777777777779,2,0.4273504273504274
biliao,512,362,70.703125,150,29.296875
domingo,528,394,74.62121212121212,1,0.1893939393939394
recurso,561,471,83.95721925,88,15.686274509803921
republico,575,410,71.30434782608695,165,28.695652173913043
crise,584,483,82.70547945,1,0.17123287671232876
periodo,591,462,78.17258883,1,0.1692047377326565
infectar,592,424,71.62162162162163,1,0.16891891891891891
autoridad,614,446,72.63843648208469,1,0.16286644951140067
curso,672,471,70.08928571428571,88,13.095238095238097
economia,679,522,76.87776141,1,0.14727540500736377
situacao,689,529,76.77793904208998,160,23.222060957910013
instituto,731,559,76.47058823529412,170,23.25581395348837
regiao,732,542,74.04371584699454,1,0.1366120218579235
institut,749,559,74.63284379,170,22.696929238985312
justicar,771,560,72.63294422827497,211,27.367055771725035
supremo,804,602,74.87562189054727,201,25
suprem,822,602,73.23600973,201,24.45255474452555
decisao,1019,865,84.88714425907753,1,0.098135427
ministrar,1823,1310,71.85957213,424,23.258365331870543
saudar,4252,3473,81.67920978363124,779,18.320790216368767